{"cameraMode":{"drawMode":0,"name":"Shaded","section":"Shading Mode"},"sceneLighting":true,"audioPlay":false,"sceneViewState":{"m_AlwaysRefresh":false,"showFog":true,"showSkybox":true,"showFlares":true,"showImageEffects":true,"showParticleSystems":true,"showVisualEffectGraphs":true,"m_FxEnabled":true},"in2DMode":false,"pivot":{"x":-3.502715826034546,"y":1.6434648036956788,"z":10.853127479553223},"rotation":{"x":0.07503288984298706,"y":0.016857599839568139,"z":-0.0011396778281778098,"w":0.9970430731773377},"size":0.2007785439491272,"orthographic":false}