{"cameraMode":{"drawMode":0,"name":"Shaded","section":"Shading Mode"},"sceneLighting":false,"audioPlay":false,"sceneViewState":{"m_AlwaysRefresh":false,"showFog":true,"showSkybox":false,"showFlares":true,"showImageEffects":true,"showParticleSystems":true,"showVisualEffectGraphs":true,"m_FxEnabled":true},"in2DMode":false,"pivot":{"x":-1.1922357082366944,"y":0.7177078723907471,"z":0.6104146838188171},"rotation":{"x":0.12720820307731629,"y":0.8453673720359802,"z":-0.2312706708908081,"w":0.46442505717277529},"size":0.8660253882408142,"orthographic":false}